whoTarget,intentYN,sexYN,sexReason,offensiveYN,annotatorGender,annotatorMinority,sexPhrase,speakerMinorityYN,WorkerId,HITId,annotatorPolitics,annotatorRace,annotatorAge,post,targetMinority,targetCategory,targetStereotype,dataSource
,0.0,0.0,,0.0,man,,,,-7713443391178782699,3IQ9O0AYW6T20ZOLCO14EURHST0TI5,mod-liberal,white,27.0,Freedom of speech is essential to the progress of knowledge.,,,,Gab
,0.0,0.0,,0.0,man,,,,-7353159578349448466,3SCKNODZ0XA7G225W1BVE6VGPV5N75,mod-liberal,white,32.0,"I assume you went to the High Caliber gun show in Houston , I usually go when they are in Conroe and I know the feeling the last two or three times I did n't get much or see anything that really caught my eye .",,,,Stormfront
1.0,1.0,0.0,,1.0,man,,,0.0,-5870881806826799680,3R868ACW4S6KQKRPSSQJF6FIWGCZGN,liberal,white,35.0,"""RT @_JamesHumble: """"Guys can be assholes but girls are fucking evil"""" #Amen""",women,gender,women are worse than men,t/founta
,0.0,0.0,,0.0,woman,,,,955703508749055793,3PZDSVZ3J5BAXFKMU3DOBUB6WXW4NP,liberal,asian,23.0,Sometimes I feel like Duche bag calls to the clinic are just tests because of how idiotic the people get.,,,,t/founta
,0.0,0.0,,0.0,woman,none,,,-7214361523799359328,3OYHVNTV5TSDT291GA0HX007IBAOKW,mod-liberal,white,48.0,Went to work at 530.... Only got paid for working from 9-4. Makes no fucking sense. And im tired. And hungry. And aint caught my nu....nvmd,,,,t/founta
1.0,1.0,1.0,refers to sex,1.0,woman,,tonight I want to F,0.0,-7945328595909653965,3I7SHAD35MQ1YKH5K0WV1R6GHT0M7I,cons,white,38.0,"I want a girl that reminds me of a report card. Her face has to be an A, she has to have double DDs, 'cause tonight I want to F.",women,gender,women are only good for sex,r/darkjokes
,0.0,0.0,,0.0,woman,,,,-8810733183869606469,3E6L1VR4XWGCOABJF3NQ0NMBST06FJ,liberal,white,34.0,A British school where none of the students have English as their first language ?,,,,Stormfront
,0.0,0.0,,0.0,man,,,,1843185595144375092,3CVBMEMMXBAF66GUT3GI9MYK06OH7P,liberal,white,29.0,today was just terrible &#128175; and i learned even family aint shit &#128564;,,,,t/founta
0.0,1.0,0.0,,1.0,man,,,,-7713443391178782699,341H3G5YF08NFGG4EQ1GUES2P0P0ZP,mod-liberal,white,27.0,She a dirty bitch and I dotn have a doubt,,,,t/davidson
1.0,1.0,1.0,Hint at  unwilling sex,1.0,woman,none,rape victims,0.0,-450836770736143243,3G4VVJO6PZAVE2L2VADWM05XSKAPKQ,mod-liberal,white,56.0,"Ever since I became a cop I have to deal with rape victims on a daily basis. 
 
Apparently women trust you much more when you wear a police uniform.",women,gender,women must be stupid,r/darkjokes
,0.0,0.0,,0.0,woman,,,,-8810733183869606469,3XAOZ9UYRZLE8D0VNDM3HQZ8RLMQ1U,liberal,white,34.0,"Sorry I can't stick to my so-called ""break"", but I have to ask, as someone on the autism spectrum, does anyone else here flap their hands?",,,,r/Incels
1.0,1.0,0.0,,1.0,woman,none,,0.0,-3114316428557054065,3OB6JN3A9QJBG31KTEU168XGDSFMR7,mod-cons,white,33.0,"jewish children two jewish children are sitting on top of a roof near a chimney . a passer - by asks , ‘ what are you doing there?’ ‘ we are waiting for our parents . '",jewish folks,culture,jewish children had to witness their parents being murdered,r/meanjokes
,0.0,0.0,,0.0,man,,,,1147960939871721323,3MNJFORX8BYG56B5AKDL8H8BV2T5FD,mod-cons,asian,24.0,"""@KhadiMarcia @Og_BandoJohnson @brishona_kelly lol I'm scared of y'all """"friendship"""" how y'all meet each other again ?""",,,,t/founta
,0.0,0.0,,0.0,man,,,,-5313160613530610330,32FESTC2NHKQN9HAKJVS8NFOY12UC8,liberal,white,25.0,EPISODE 71 : Halloween Costumes You Already Own | Watch the video - Yahoo !,,,,Stormfront
,0.0,0.0,,0.0,woman,none,,,-4903257119943710595,3UOMW19E6D092URVJINK0BN8YPZ5C0,liberal,white,30.0,IT JUST FLIES INTO THE FUCKING FIRE PLACE I'MD FJKXNFBVJKFD GK,,,,t/founta
,0.0,0.0,,0.0,man,,,,2385617559681638227,3HRWUH63QUWSTYOM88WYGMHKYOO5NK,liberal,white,25.0,Every time I 've ever taken this test I got roughly around the same spot .,,,,Stormfront
0.0,0.66,0.0,,,man,,,,-5870881806826799680,3N7PQ0KLI5JLLDO51Q5MB2PR3VA3E4,liberal,white,38.0,How many holes does a German shower head have? 11,,,,r/darkjokes
1.0,0.66,0.0,,1.0,woman,female,,0.0,5330619308534303933,38B7Q9C28GZ3N0K6CHNYQR00MH269T,mod-cons,white,35.0,What is Ethiopia’s national dish? Nothing,ethiopia,culture,aren't worth anything,r/darkjokes
0.0,1.0,0.0,,1.0,woman,,,,-5471608738051449110,3D7VY91L65RO0WKVXH8B6TSC1YKMBS,other,white,35.0,"he had a song called ""Hit u from the back"" with the iconic lines ""There they go! a big ole pack of pretty bitches...""",,,,t/davidson
1.0,1.0,0.0,,1.0,woman,,,0.0,-4362706623577326474,30Z7M1Q8UYE4WXDZX2YW607BTJ2A8Z,mod-liberal,white,46.0,i got arrested for killing a black guy why ?,black folks,race,black folks aren't people.,r/meanjokes
,0.0,0.0,,0.0,man,,,,4554125108380068779,32ZCLEW0BZE03IFKDPDKLL5KF19PJ4,mod-liberal,white,25.0,"What can you do when your opponent has you up close, his head against yours, and it feels like you're locked in and can't do anything?",,,,redditMicroagressions
1.0,0.66,1.0,reference to sex,1.0,woman,none,my dick,0.0,-7214361523799359328,3R5LWXWHR02VLPRARA2YILZ7N21XGI,mod-liberal,white,48.0,My dick is like a public bus... Children ride for free.,child sex abuse,victim,reference to child sex abuse,r/darkjokes
,0.33,0.0,,0.0,woman,,,,1869048359460155317,3AJA9FLWSCSSHU6KH4WFXQCGZPCFIB,mod-cons,white,22.0,nvm it's all good nothing is wrong with bitches ((:,,,,t/davidson
1.0,1.0,0.0,,1.0,woman,,,0.0,-8935932304856669427,3MNJFORX8BYG56B5AKDL8H8BWX25FD,liberal,white,45.0,"I just refer to them as primates as through THEIR evolution process they are just a little bit higher on the evolutionary chain which makes them all the more dangerous to whites , than any of their animalistic cousins .",black folks,race,blacks are less,Stormfront
1.0,0.66,0.0,,1.0,woman,"racial minority, gender",,0.0,4224836053735053558,32CAVSKPCEJ6067C4M68RRWXRZQ1UR,liberal,asian,25.0,Why do I like Minecraft so much? I’m allowed to kill as many Jews as I like and I won’t be charged with a war crime,jewish folks,culture,jewish folks should be killed,r/darkjokes
1.0,1.0,0.0,,1.0,woman,,,0.0,-4972502847858722232,37M4O367VJCMBG3MW7HY37SKS0JM59,liberal,white,34.0,zzzz @hammmyy96 Call me sexist but I'm yet to see a funny female comedian,women,gender,women aren't funny,t/waseem
1.0,0.66,0.0,,1.0,woman,"disabled, bisexual",,0.0,5225876289250202382,3L84EBDQ37WU3BOMII8OQJJYYCRKKB,liberal,white,32.0,So Steven Hawking walks into a bar... Just kidding.,physically disabled folks,disabled,disabled people are fun to laugh at.,r/darkjokes
1.0,1.0,0.0,,1.0,man,,,0.0,-5870881806826799680,3B286OTISEBTGE9IO6VNVQGP93LAJQ,liberal,white,38.0,"its no surprise to me that melania trump plagiarized parts of her speech from michelle obama i knew it from the second she sa <lolface> "" when i was growing up in africa , swinging from tree to tree picking up bananas . <repeat> """,black folks,race,black people are unsophisticated,r/meanjokes
,0.0,0.0,,0.0,man,,,,-7713443391178782699,3YZ7A3YHR5NP9BGRG4DKFGRQKSLS5H,mod-liberal,white,27.0,"""im listening to Anamanaguchi and their song """"Miku"""" came on and for a minute it sounded like she said """"i'm fucking Miku"""" and i WISH IT WAS""",,,,t/founta
,0.0,0.0,,0.0,man,,,,-7697679384042174398,38B7Q9C28GZ3N0K6CHNYQR00MG569U,liberal,white,28.0,So sad to hear about this. Our thoughts are with Amanda's family and friends. + https://t.co/bf4nLPBCAf,,,,t/founta
1.0,0.66,0.0,,1.0,woman,,,0.0,-4210633818511154946,391JB9X4ZY2PTZOP3UL45WB2NJ8KM6,liberal,white,38.0,"What do you call a white guy ... Surrounded by a nigger?
Master

Surrounded by 3 niggers?
In trouble

Surrounded by 5 niggers?
 Coach

Surrounded by 1000 niggers?
Prison Warden

Surrounded by 2000000 niggers?
In jungle",black folks,race,are niggers,r/darkjokes
,0.0,0.0,,0.0,woman,,,,-3559048982681398316,3WRBLBQ2GR2NOZLZOYDR97CWDRDG0V,liberal,white,31.0,""":: I have to listen to Con Funk Shun | """"Love's Train LIVE"""" from the Live For Ya Ass album every morning ..""",,,,t/founta
,0.33,1.0,sex with minors,0.0,woman,women,pedophile,,7162172225567546910,37NXA7GVST0J3S0G2MYW7S7U6J8VL1,liberal,white,28.0,It seems the men of reddit fear being branded pediphiles by society at large and other horribly depressing stories.,,,,r/MensRights
0.0,1.0,0.0,,1.0,woman,,,,2428559182657536645,324N5FAHSX58JMIYHMMVSSUFFL9KVV,liberal,white,25.0,RT @sbacilio1224: Neta bullshit aside I need to get me a bad bitch,,,,t/davidson
1.0,1.0,0.0,,1.0,man,,,0.0,2588569829026181549,3E6L1VR4XWGCOABJF3NQ0NMBSUX6FI,cons,white,41.0,Asian women hate their race so much they will literally date white supremacists,asian folks,race,asians dont find asian men attractive,r/Incels
,0.0,0.0,,0.0,woman,,,,1303165327163975890,3OZ4VAIBEX9D82CGZ1MJRDU22U2VJY,other,white,35.0,"i am sick and i stopped going to school and i am alone in a whole new country
Praise the lord",,,,r/Incels
,0.0,0.0,,0.0,man,,,,6347880360297734464,3U74KRR67MFUE0ZC94EWJ2NYESTNTE,mod-liberal,white,35.0,"If you had the chance, would you homeschool your children?",,,,Gab
1.0,0.66,0.0,,0.5,woman,,,0.5,8789702980570783632,3U18MJKL1UGDSJX1NIJ6USNUQ5BCN0,other,hisp,27.0,I wonder why the Jewish Media always pretends that all the blood thirsty third world savages are victims and it is all Whitey 's fault ?,white folks,race,white folks are evil,Stormfront
,0.0,0.0,,0.0,man,,,,2430897476320006833,3X4Q1O9UBHGPYN2HXGB8TVVLE9A7OB,cons,white,30.0,D-Don't look at me like that senpai!&#128525; What is that smell? I'm always right there... Behind you senpai...,,,,t/founta
1.0,1.0,0.0,,1.0,woman,,,0.0,3401190781414184435,3ZZAYRN1I6LCWLZOAJE9YRN31SAOTJ,mod-liberal,white,46.0,How many Ethiopians can you fit in a bathtub? Who knows they keep slipping down the drain.,ethiopians,race,ethiopians are starving,r/darkjokes
,0.0,0.0,,0.0,woman,none,,,-7214361523799359328,3XBXDSS888DB7H5B21ZEVD4FMUFLXT,mod-liberal,white,49.0,"India: Women account for 2% of central forces, but 40% of suicides",,,,r/MensRights
,0.0,0.0,,0.0,man,,,,6347880360297734464,30UZJB2POH6LPUVCQPCJ78JET9F53Q,mod-liberal,white,35.0,"ITT: describe how you feel when you see a girl you find cute
Sad

Lonely

Worthless",,,,r/Incels
1.0,1.0,0.0,,1.0,woman,,,0.0,1869048359460155317,3RWSQDNYL9G8734UGWQUUTZOIG8FF9,mod-cons,white,22.0,Whats the best part of being black and jewish? You get to sit in the back of the oven. :),black folks,race,black folks do not deserve the same rights as white folks,r/darkjokes
,0.0,0.0,,0.0,woman,none,,,-450836770736143243,3P7RGTLO6E7ORYF06RVZW5G2VC6KAV,mod-liberal,white,55.0,"i don't show my face because i want my art to be the main focus. if that means people calling me ugly then it's whatever, my arts beautiful.",,,,t/founta
0.0,1.0,1.0,refers to butt,1.0,woman,African American,cute ass,,7067515179960755087,3MYASTQBG75808G7366YIS0HD9MQDW,mod-liberal,black,30.0,"Statistically, 1 in 10 people live next to a pedophile Not me though, I live next to a 10 years old boy with a cute ass.


Edit : This was filthy frank's joke",,,,r/darkjokes
1.0,1.0,0.0,,1.0,man,,,0.0,-5313160613530610330,3HFWPF5AK9DMVWTN2LPR0JT67TOS3G,liberal,white,25.0,"Whore making nu-male cuck friend write an essay to be a feminist LMFAO
www.np.reddit.com/r/wgtow/comments/6zs0co/do_you_think_that_a_man_can_learn_to_be_a_good/",women,gender,women are promiscuous,r/Incels
,0.0,0.0,,0.0,woman,,,,1869048359460155317,3D5G8J4N5AY7M58LBV0NTJHBXIRTV4,mod-cons,white,22.0,"I'm fucked up, homie you fucked up But we gonna be aight!!",,,,t/founta
1.0,1.0,0.0,,1.0,woman,none,,0.0,-4903257119943710595,3EAWOID6MTR66WBUDTCD98F60CSV02,liberal,white,32.0,I crossed an epileptic with a lettuce patch Anyone want some seizure salad?,folks with physical illness/disorder,disabled,illness is funny,r/darkjokes
0.0,1.0,1.0,sexual intercourse,1.0,woman,women,tightest pussy,,-7090297418013232722,3D0LPO3EABT8D7YIKP1868FIGW9YO3,other,white,38.0,"so i met this girl at work that has the tightest pussy god i love working at the daycare

edit : some cuck reported this post and got me a perma ban",,,,r/darkjokes
,0.0,0.0,,0.0,man,,,,7891575995618716029,3X55NP42EOAPI4DVA4LX5EOVHTL3PG,mod-liberal,white,40.0,Not having a solid QB killed us against a great team. You'll never win throwing 6 ints. We got a lot to learn,,,,t/founta
,0.0,0.0,,0.0,man,,,,-7353159578349448466,3JYPJ2TAYI2KYGTOUZMZ6NDSKMVFPC,mod-liberal,white,32.0,Are you a bummer tied to a tree? No?? BUMMER ON THE LOOSE!!,,,,r/offensivejokes
1.0,1.0,0.0,,1.0,woman,none,,0.0,-7214361523799359328,3PA41K45VNY7JNEICGONIV0BM0A7P2,mod-liberal,white,48.0,What’s similar between becoming a Jew and doing drugs? You get baked either way,jewish folks,culture,jokes about the holocaust,r/darkjokes
1.0,1.0,0.0,,1.0,woman,"Hispanic, female, bisexual",,0.0,-1074131302321565002,31HLTCK4BLP3H0MFRV1GU02M84OGVK,mod-liberal,hisp,29.0,@NyJusDntGAF no one cares nigger,black folks,race,deserve to be insulted,t/davidson
1.0,1.0,0.0,,1.0,man,,,0.0,3014462452121555470,3I6NF2WGIGQMJ670L4J3Q28NU1UG5Q,mod-liberal,white,38.0,What Does A Muslim Woman Say When Getting Dressed? Does my bomb look too big?,muslim folks,culture,muslims are terrorists,r/darkjokes
1.0,1.0,0.0,,1.0,woman,,,0.0,-6352039173957003457,3T5ZXGO9DEIB39L3VOVV9KJK1PEQZ9,mod-cons,white,36.0,What's a Mexican favorite video game? Tales of the borderlands,latino/latina folks,race,cross the border illegally,r/offensivejokes
1.0,1.0,0.0,,1.0,man,,,0.0,-5870881806826799680,3IWA71V4TIATOW24FXTC6UMITMIX6W,liberal,white,38.0,when are you crackers going to realise that your race doesnt dictate wether youre superior or not and stop thinking everything you say+,white folks,race,white folks push an agenda,t/founta
1.0,1.0,0.0,,1.0,man,,,0.0,995503448845532400,30OITAWPBQXJKP4N80E2NIPQQT09H6,liberal,white,37.0,how do you make childbirth easier for black women ? lure the little nigger out with a kfc <allcaps> bucket,black folks,race,black people are simple like animals.,r/meanjokes
,0.0,0.0,,0.0,woman,female,,,5330619308534303933,3W31J70BASQCKDCYQ5RQ206QTWRCKL,mod-cons,white,35.0,Now playing on Apache Ent Radio on Tunein app Featuring Maxminelli - Share My Drugs (Prod. By Austin On The Track),,,,t/founta
,0.0,0.0,,0.0,man,,,,-5870881806826799680,3DFYDSXB2WUDVNNGUBCEVRSJLA4UJQ,liberal,white,38.0,I'm tired of black people like me being silenced all the time in reddit. I would love to hear all of the other white people in the comments to stand with me!,,,,r/darkjokes
1.0,0.66,0.0,,1.0,woman,,,0.0,-7010577106277885124,3TC2K6WK9GWFRUIVKN5H0IODM7J82S,mod-liberal,other,29.0,Why are Americans so dumb? Because everyone who goes to school gets shot.,americans,culture,americans are violent,r/darkjokes
1.0,1.0,1.0,Refers to sexual intercourse,1.0,man,,fucking a Jewish guy in the shower,0.0,1558992385113521549,3CESM1J3EIXEZWXE5SXQ4B8BKMZ6W3,libert,white,39.0,What’s the worst part of fucking a Jewish guy in the shower He can only last 15 minuets,jewish folks,culture,jews are bad at sex,r/darkjokes
,0.0,0.0,,0.0,man,,,,1781840716988750702,3NOEP8XAU4W1Y2K9UTSLCUDZOPLXPB,liberal,white,29.0,if you're one of the other ppl that have applied to live on floor ec-04-2 @SalfordUni this September hit me up&#129304;&#127996;&#129304;&#127996;,,,,t/founta
,0.0,0.0,,0.0,woman,,,,-7753276331228015558,3MDKGGG61QHM7FTKANSFHR1CI66T6J,mod-cons,white,34.0,"""@EveEndor I've often wondered about the insistence of some that they """"pass well"""", and you know they absolutely do not by any means """"pass"""".""",,,,t/founta
1.0,1.0,0.0,,1.0,woman,,,0.0,3169503690680674782,3WUVMVA7OBXJGTEM6SY9JK4FX3GZAR,liberal,white,29.0,What is the difference between an apple and a black man One grows on a tree and the other rots,black folks,race,black men are less than human.,r/darkjokes
,0.0,0.0,,0.0,woman,,,,-5471608738051449110,3CZH926SIC86397914A5L7HXK2AE4L,other,white,35.0,"A movie for the Incel community
You Incels should watch 'Hitch' with Will Smith.",,,,r/Incels
,0.0,0.0,,0.0,woman,,,,955703508749055793,3N5YJ55YXGXPZ40334NFOXX6Q49ANJ,liberal,asian,23.0,Best of: commenter in r/justiceporn discusses the problem with title IX (1700 upvotes),,,,r/MensRights
1.0,1.0,0.0,,1.0,man,,,0.0,-5313160613530610330,39WSF6KUV2FA72HRKOPEZ5N2ZVCEOZ,liberal,white,25.0,"RT @AndrogyneAdvent: The thing about Houston and Austin gays is 99% are hoes, ain't no wholesome bitches",lesbian women,gender,lesbian women act immoral,t/davidson
,0.0,0.0,,0.0,man,,,,-7353159578349448466,3W5PY7V3UP1UCW7L4C93YCYWKASJYH,mod-liberal,white,32.0,The best time to plant a tree was 20 years ago; the second best time is NOW.,,,,Gab
0.0,0.33,0.5,Selling underwear,0.5,man,,"Dirty panties, socks, shoes, bras. All for sale. Kik me for prices, you sad fucks",,6347880360297734464,3HKIF5DF6YR5KT9COUWK2IDPGU79GY,mod-liberal,white,35.0,"Dirty panties, socks, shoes, bras. All for sale. Kik me for prices, you sad fucks - sarastrong1995 #findom #paypigs #dominate #sex #nudes",,,,t/founta
0.0,0.33,0.0,,0.5,woman,,,,-7010577106277885124,3ECKRY5B1QQYMBXKIGQM0ISYCLRZIN,mod-liberal,other,25.0,Your husband just called and said that you can buy whatever you want.,,,,redditMicroagressions
,0.0,0.0,,0.0,man,pacific islander,,,-768683606829583421,379OL9DBSS856KUCI0IQ9IKTN7N9YM,liberal,other,36.0,Im so fucking for Sunday! I cant wait to see @TripleH's entrance,,,,t/founta
1.0,1.0,0.0,,1.0,woman,,,0.0,-6352039173957003457,3BFNCI9LYKK0CY9VEIRG5SXAH0C378,mod-cons,white,36.0,"Minion So anyway,

What do you call a black man in space?

Debris.",black folks,race,are garbage,r/darkjokes
1.0,1.0,0.0,,1.0,woman,,,0.0,2428559182657536645,367O8HRHKG27DSCR2ZUAAOLCIGSS4G,liberal,white,29.0,Why didnt the african kids take their medicine? The medicine stated that it should be taken after food,African folks,race,,r/darkjokes
,0.33,0.0,,0.0,man,,,,-7353159578349448466,378G7J1SJLSICBQTBAGOGZ0O4UDWER,mod-liberal,white,32.0,"Half Italian on my father 's side , my mother 's white but was adopted so half of me is a mystery .",,,,Stormfront
1.0,1.0,1.0,Means to have sex with,1.0,woman,,Sleep with,0.0,446815182533233009,3U74KRR67MFUE0ZC94EWJ2NY6CATNX,other,white,34.0,how do you get a priest to sleep with a nun ? dress her up like an alter - boy .,religious people,culture,religious people are immoral.,r/meanjokes
1.0,1.0,0.0,,1.0,woman,,,0.0,446815182533233009,3VQTAXTYN3F7D4P46JZXX396DB2BU5,other,white,35.0,"What do you tell a woman with two black eyes? Nothing, she's already been told. Twice.",women,gender,women don't listen,r/darkjokes
,0.0,0.0,,0.0,man,,,,-1638570835356793490,3HEA4ZVWVDGO39IG480CM5HY60E55D,mod-cons,hisp,23.0,> Because in my family my mom would have supported me getting a new dress and would have made my sister pay for it (as she should) Love this idea.,,,,redditMicroagressions
,0.0,0.0,,0.0,man,,,,7946560778645705171,3ZG552ORAMYD26E8SGGRSW8LZMPV2P,libert,white,53.0,"You heard the rumors, my take: @andrzej_fonfara vs. @AdonisSuperman - close to happening, but not done... yet. #boxing",,,,t/founta
1.0,1.0,0.0,,1.0,man,,,0.0,3926884831122847491,39I4RL8QGJBINJYBR5IB6AEA95BH4K,mod-liberal,white,35.0,What’s the difference between a Jew and charcoal? A Jew could write a diary.,jewish folks,culture,jewish people are subhuman,r/darkjokes
,0.0,0.0,,0.0,man,,,,3014462452121555470,34OWYT6U3WBJGKF7EIWNNUQ5YMYI9V,mod-liberal,white,38.0,"Sarah Huckabee Sanders at WH Press Briefing: James Comey ""Gave False Testimony""
—Ace",,,,Gab
1.0,1.0,1.0,refers to sex,1.0,woman,,plow that ass,0.0,-4210633818511154946,36818Z1KV37IV07TLL30FJZ0I8IA36,liberal,white,38.0,My wife would make a good Muslim woman. I'd just plow that ass and beat the shit out of her all day like I always do,muslim folks,culture,women are raped,r/darkjokes
1.0,1.0,0.0,,1.0,woman,veteran,,0.0,-397721847506341609,3RKHNXPHGWQ867TYCWCQW6SW0Z4UKP,mod-liberal,black,31.0,I like my slaves like I like my coffee Black,black folks,race,blacks are criminals,r/darkjokes
,0.0,0.0,,0.0,woman,none,,,-4903257119943710595,3UXQ63NLAAG4UE2AX57W6GDN1TUBLF,liberal,white,32.0,@Elijahfnbaby bra I'm bout to blaze this bitch,,,,t/davidson
1.0,1.0,0.0,,1.0,woman,,,0.0,3401190781414184435,3LXX8KJXPW3TC6QACD9S7RMR9R2O9S,mod-liberal,white,45.0,"He seems so gay: he's quiet, he likes poetry and he has a lisp. But you can never tell him I said this, because I don't want to make him feel like there's something wrong with him.",gay men,gender,gay men have something physically wrong with them,redditMicroagressions
0.0,0.33,0.0,,0.5,man,Chinese,,,4697640660379270168,36FQTHX3Z3LNEACLRZ3WAUJ60RXB3Y,mod-liberal,asian,32.0,#FireKushneri don't like Trump but damn his base is bloodthirsty if they expect him to fire his daughter and her husband,,,,t/founta
,0.0,0.0,,0.0,woman,,,,-3559048982681398316,3ZTE0JGGCEMVA4XDOXJJ9HNZFC4OC8,liberal,white,30.0,"Phil Jones: ""We have 25 or so years invested in the work. Why should I make the data available to you, when your aim is to try and find something wrong with it."" ",,,,redditMicroagressions
1.0,1.0,0.0,,1.0,woman,,,0.0,1993680211374950203,31N9JPQXIPC49R8H9AX75JKA0QSNHF,mod-liberal,white,47.0,What do black guys have in their knee Niggaments,black folks,race,black people are called niggers,r/darkjokes
0.0,1.0,0.0,,1.0,woman,,,,-5471608738051449110,3R16PJFTS3L9P9ZJXQL8J2U21SNK4B,other,white,38.0,Only half the people who come to my surgery survive.  I'm a fucking good abortionist.,,,,r/darkjokes
1.0,1.0,0.0,,1.0,woman,none,,0.0,-4903257119943710595,3G5RUKN2ECXBULQYBY9FS2MMH9HN9E,liberal,white,32.0,"What's long, silver, climbs walls and scares Jews? A gas pipe.",jewish folks,culture,makes light of jewish pain,r/darkjokes
1.0,1.0,0.0,,1.0,woman,"gender, sexuality, mental illness",,0.0,118631008378348260,3SA4EMRVJVWT1CEYRH3E3GQOEK60PT,liberal,white,28.0,"""You da bomb"" ""no, you da bomb"" In America: complement
In the Middle East: argument",middle eastern folks,culture,middle eastern folks are all terrorists,r/darkjokes
,0.0,0.0,,0.0,man,,,,4587989698772014511,3U74KRR67MFUE0ZC94EWJ2NYESUTNL,liberal,white,37.0,"There seems to be a lot of buzz about Democrats simmering now, around the same time Mueller is alleged to be seating a Grand Jury

#LorettaLynch / #ElizabethCarlisle
#DebbieWassermanSchultz
#AwanInvestigation
#BenRhodes

Anyone, other than me, thinking of connecting some of these dots?",,,,Gab
0.0,0.33,0.0,,0.5,man,,,,6347880360297734464,3P7RGTLO6E7ORYF06RVZW5G2TU4KAR,mod-liberal,white,35.0,What’s the difference between Elliot Rodger and an egg? The egg gets laid before it cracks.,,,,r/darkjokes
,0.0,0.0,,0.0,woman,,,,-5471608738051449110,359AP8GAGGEOPY5E7B2HYV14QRAC7V,other,white,35.0,Can't the news save some time and just tell us which Hollywood people AREN'T taking advantage of others in one way or another?,,,,Gab
,0.0,0.0,,0.0,man,,,,3014462452121555470,3SV8KD29L4MPS6N8IJBYDY7B5TBZK2,mod-liberal,white,38.0,"I see on CNBC that an expert says Bitcoin is going to $100,000 this year",,,,Gab
1.0,0.66,0.0,,1.0,man,,,0.0,-7713443391178782699,33W1NHWFYHFOVPDVCSPQEPU7N7NTZO,mod-liberal,white,27.0,Yeah shit 12 year olds are not qualified at all. @CarloOrtega8 I'm not sexist but I would never vote for a girl president,women,gender,women should not be the president,t/waseem
0.0,1.0,0.0,,1.0,man,,,,3014462452121555470,30F94FBDNRESDRAF6E9NS7N4UTMBTX,mod-liberal,white,38.0,What's the similarity with beating my children and my meat I'm horny when I beat both of them,,,,r/darkjokes
,0.0,0.0,,0.0,man,,,,-7713443391178782699,39O0SQZVJN1SV0UXP8SCNQ0QPWU7RK,mod-liberal,white,27.0,"When YOUR power seems insufficient, GOD'S power takes care of the rest (see 2 Cor. 2:19). #20ways #dreamBIG @JoyceMeyer",,,,t/founta
1.0,1.0,0.0,,1.0,woman,women,,0.0,-6837958490067487319,30ZKOOGW2W0MLXTEYHPHRQK3FMLA1M,liberal,white,34.0,"q : what did the blind , deaf , mute quadraplegic boy get for christmas ? a : cancer .",physically disabled folks,disabled,disabled people are the butt of jokes,r/meanjokes
0.0,0.33,0.0,,0.5,woman,"Hispanic, female, bisexual",,,-1074131302321565002,3APP19WN718I2A7EQNT8I8MNSC06GP,mod-liberal,hisp,29.0,"""you're too young for that1!1!!11!"""" and i just bursted out laughing cause my mom didn't know it was maddie or why she sent me them&#128514;&#128514;""",,,,t/founta
1.0,1.0,0.0,,1.0,woman,,,0.0,8789702980570783632,3BC9H1KCYU6GIG7KBBSIN2S4J09WYI,other,hisp,27.0,Y'all ever just live more than 6 years to flex on Ethiopian niggas.,ethiopens,race,ehtiopens are poor,r/darkjokes
